{
    "manifestVersion": 1,
    "id": "sample-extension",
    "version": "0.10.9",
    "name": "TimeTraker",
    "description": "A sample Visual Studio Services extension.",
    "publisher": "Carla4ITFUTURE",
    "categories": ["Azure Boards"],
    "targets": [
        {
            "id": "Microsoft.VisualStudio.Services"
            }
        ],
    "contributions": [
        {  
            "id": "sample-work-item-form-group",
            "type": "ms.vss-work-web.work-item-form-group",
            "description": "Custom work item form group",
            "targets": [
                "ms.vss-work-web.work-item-form"
            ],
            "properties": {
                "name": "Time Traker",
                "uri": "button.html",
                "height": 600
            }
        },
        {
            "id": "registration-form",
            "type": "ms.vss-web.control",
            "description": "The content to be displayed in the dialog",
            "targets": [
                "ms.vss-work-web.work-item-form"
            ],
            "properties": {
                "uri": "modalcontent.html"
            }
        }
    ],
    "scopes": [
        "vso.work"
    ],
    "files": [
        {
            "path": "button.html", "addressable": true
        },
        {
            "path": "sdk/scripts", "addressable": true
        },
        {
            "path": "form.css", "addressable": true
        },
        {
            "path": "form.js", "addressable": true
        },
        {
            "path": "modalcontent.html", "addressable": true
        },
        {
            "path": "button.js", "addressable": true
        },
        {
            "path": "node_modules/vss-web-extension-sdk/lib",
            "addressable": true,
            "packagePath": "lib"
        }
    ]
}